MonsterId,ModelId,DisplayName,TargetSelect,AttackMode,MonsterType,AggroMode,AlertRadius,BodyRadius,PushCoefficient,RepulsionScale,FacingYawFlip,MaxHP,MoveSpeed,RunSpeed,WalkToRunSeconds,ActiveMoveMult,PassiveMoveMult,AttackPower,AttackSpeed,AttackRange,MeleeWindupSeconds,RangedWindupHoldFrame,RangedProjectileSpeed,RangedTimeoutSeconds,Skills,NormalAttackAnims,WalkAnims,RunAnims,LootDrop,SilhouetteIconAssetId,TargetValue,ObstaclePathMode,BerserkNoiseThreshold,BerserkAggroMode
Monster_01,MonsterModel_04;10|MonsterModel_05;40|MonsterModel_08;10,僵尸,Nearest,Melee,1,StationaryPassive,3.5,0.15,1,0.5,0,25,0.5,1,0.3,1,1,8,0.5,0.25,0.3,0,0,0,MSkill_SelfRevive_1;0,Attack1|Attack2|Attack3|Attack4,Walk,Run,,HPPK_UI_Monster_01,1,无视障碍,5,PassiveChase
Monster_02,MonsterModel_02;10,胖子僵尸,Nearest,Melee,1,StationaryActive,3.5,0.15,1,0.5,0,55,0.8,1.5,0.3,1,1,10,0.5,0.25,0.3,0,0,0,,Attack1|Attack2|Attack3|Attack4,Walk,Run,,HPPK_UI_Monster_02,1,无视障碍,5,PassiveChase
Monster_03,MonsterModel_05;10,狂暴僵尸,PreferProtagonist,Melee,1,ActiveChase,3.5,0.15,1,0.5,0,85,0.5,1,0.3,1,1,12,0.5,0.25,0.3,0,0,0,,Attack1|Attack2|Attack3|Attack4,Walk,Run,,HPPK_UI_Monster_03,1,视为目标,5,PassiveChase
Monster_04,MonsterModel_07;10,远程腐尸,Nearest,Ranged,1,ActiveChase,3.5,0.15,1,0.5,0,25,0.8,1.5,0.3,1,1,8,0.5,0.25,0.3,2,5,1,MSkill_SelfRevive_1;0,Attack1|Attack2|Attack3|Attack4,Walk,Run,,HPPK_UI_Monster_04,1,视为障碍,5,PassiveChase
Monster_05,MonsterModel_01;10,石像鬼,PreferWarrior,Ranged,1,ActiveChase,3.5,0.15,1,0.5,0,145,0.5,1,0.3,1,1,16,0.5,0.25,0.3,3,5,1,,Attack1|Attack2|Attack3|Attack4,Walk,Run,,HPPK_UI_Monster_01,1,视为障碍,5,PassiveChase
Monster_06,MonsterModel_05;10,巫妖徒,PreferProtagonist,Melee,1,ActiveChase,3.5,0.15,1,0.5,0,175,0.8,1.5,0.3,1,1,18,0.5,0.25,0.3,0,0,0,,Attack1|Attack2|Attack3|Attack4,Walk,Run,,HPPK_UI_Monster_02,1,视为障碍,5,PassiveChase
Monster_07,MonsterModel_05;10,骨龙幼崽,Nearest,Melee,1,ActiveChase,3.5,0.15,1,0.5,0,205,0.5,1,0.3,1,1,20,0.5,0.25,0.3,0,0,0,,Attack1|Attack2|Attack3|Attack4,Walk,Run,,HPPK_UI_Monster_03,1,视为障碍,5,PassiveChase
Monster_08,MonsterModel_05;10,血仆,PreferWarrior,Ranged,1,ActiveChase,3.5,0.15,1,0.5,0,235,0.8,1.5,0.3,1,1,22,0.5,0.25,0.3,3,5,1,,Attack1|Attack2|Attack3|Attack4,Walk,Run,,HPPK_UI_Monster_04,1,视为障碍,5,PassiveChase
Monster_09,MonsterModel_05;10,暗影刺客,PreferProtagonist,Melee,1,ActiveChase,3.5,0.15,1,0.5,0,265,0.5,1,0.3,1,1,24,0.5,0.25,0.3,0,0,0,,Attack1|Attack2|Attack3|Attack4,Walk,Run,,HPPK_UI_Monster_01,1,视为障碍,5,PassiveChase
Monster_10,MonsterModel_05;10,巨型僵尸,Nearest,Melee,1,ActiveChase,3.5,0.15,1,0.5,0,295,0.8,1.5,0.3,1,1,26,0.5,1.5,0.3,0,0,0,,Attack1|Attack2|Attack3|Attack4,Walk,Run,,HPPK_UI_Monster_02,1,视为障碍,5,PassiveChase
Monster_11,MonsterModel_06;10,骷髅猛士,Nearest,Melee,2,ActiveChase,3.5,0.3,1.5,1.2,0,600,0.5,1,0.3,1,1,1500,0.5,0.35,0.3,0,0,0,,Attack1,Walk,Run,,HPPK_UI_Monster_03,1,视为障碍,0,
Monster_12,MonsterModel_03;10,胖子僵尸,Nearest,Melee,3,ActiveChase,3.5,0.3,2,1.5,0,2000,0.5,1.5,0.3,1,1,50,0.5,0.35,0.3,0,0,0,,Attack1|Attack2|Attack3|Attack4,Walk,Run,,HPPK_UI_Monster_04,1,视为障碍,0,
