MagicBookId,IsUnique,IsProbabilistic,EffectPhase,EffectPayload,EffectParams,IconAssetId,DisplayName,Description,VisualStyleId,VisualPriority,VisualIntensityAdd
MagicBook_Restore,1,0,SoldierManufacture,RaceWeightPick,,,还原,装备后制造时按部位 RaceId 加权随机定种族,,,
MagicBook_WarriorEnhance,0,0,SoldierManufacture,StatMul,Stat=Primary|Mul=1.15|ClassId=Class_Warrior,,战士强化,装备后，Mode2 制造的战士主属性增加躯体该维之和的 15%（可叠），至彻底死亡,Style_WarriorGlow,20,1
MagicBook_SoldierSkillLevel,0,0,SoldierManufacture,SoldierSkillLevelAdd,SkillId=Skill_01|Delta=1,,士兵技能升级,装备后，Mode2 制造时若士兵已有 Skill_01 则等级 +1（钳制到表内最大级）,Style_SkillAberration,10,1
MagicBook_WarriorAdvance,1,1,SoldierManufacture,ForceClass,ClassId=Class_Warrior|RequireClassId=Class_Warrior_0|Chance=0.25,,战士进阶,装备后，Mode2 制造职业为 Class_Warrior_0 的士兵时，25% 概率变为 Class_Warrior,Style_AdvanceOutline,30,1
MagicBook_ArcherAdvance,1,1,SoldierManufacture,ForceClass,ClassId=Class_Archer|RequireClassId=Class_Archer_0|Chance=0.25,,射手进阶,装备后，Mode2 制造职业为 Class_Archer_0 的士兵时，25% 概率变为 Class_Archer,Style_AdvanceOutline,30,1
MagicBook_MageAdvance,1,1,SoldierManufacture,ForceClass,ClassId=Class_Mage|RequireClassId=Class_Mage_0|Chance=0.25,,法师进阶,装备后，Mode2 制造职业为 Class_Mage_0 的士兵时，25% 概率变为 Class_Mage,Style_AdvanceOutline,30,1
MagicBook_RogueAdvance,1,1,SoldierManufacture,ForceClass,ClassId=Class_Rogue|RequireClassId=Class_Rogue_0|Chance=0.25,,刺客进阶,装备后，Mode2 制造职业为 Class_Rogue_0 的士兵时，25% 概率变为 Class_Rogue,Style_AdvanceOutline,30,1
MagicBook_Form_Wedge,0,0,SoldierManufacture,GrantFormationSkill,FormationId=Form_Wedge_01,MagicBook_Form_Wedge,楔阵,装备后，Mode2 制造 Step2 命中时授予楔阵技能（写入 SoldierSkills）,,,
MagicBook_Form_Wedge_02,0,0,SoldierManufacture,GrantFormationSkill,FormationId=Form_Wedge_02,MagicBook_Form_Wedge_02,平行阵,装备后，Mode2 制造 Step2 命中时授予平行阵技能（写入 SoldierSkills）,,,
