ClassId,ClassName,BaseClass,PromoteClass,ClassLevel,PrimaryStat,CombatConvertCoeffs,AttackRange,MeleeWindupSeconds,RangedWindupHoldFrame,RangedProjectileSpeed,RangedTimeoutSeconds,BaseMoveSpeed,ChaseMoveSpeedMult,DefaultSkillIds,SilhouetteIconAssetId,NormalAttackAnims,ParabolaMeleeAttackAnims,ObserveRange,DistancePriority,TargetValueMode,TargetTypeScores,SpecialMove,AttackNoiseValue,NoiseRadius
Class_Warrior,战士,战士,,1,Strength,NormalAttackPrimaryMult_15|AttackSpeedBase_0.5|AttackSpeedAgiDiv_60|SkillCdIntDiv_30|SkillCdFloor_0.1,0.3,0.5,0,0,0,3.5,2,Skill_01,,,,,,,,0,0,0
Class_Archer,射手,射手,,1,Agility,NormalAttackPrimaryMult_15|AttackSpeedBase_0.5|AttackSpeedAgiDiv_60|SkillCdIntDiv_30|SkillCdFloor_0.1,1,0.5,3,13,1,3.5,0.5,,,,,,,,,0,0,0
Class_Mage,法师,法师,,1,Intelligence,NormalAttackPrimaryMult_15|AttackSpeedBase_0.5|AttackSpeedAgiDiv_60|SkillCdIntDiv_30|SkillCdFloor_0.1,0.8,0.5,3,14,1,3.5,0.5,,,,,,,,,0,0,0
Class_Knight,骑士,战士,,1,Strength,NormalAttackPrimaryMult_15|AttackSpeedBase_0.5|AttackSpeedAgiDiv_60|SkillCdIntDiv_30|SkillCdFloor_0.1,0.3,0.5,0,0,0,3.5,2,,,,,,,,,0,0,0
Class_Rogue,刺客,刺客,,1,Agility,NormalAttackPrimaryMult_15|AttackSpeedBase_0.5|AttackSpeedAgiDiv_60|SkillCdIntDiv_30|SkillCdFloor_0.1,0.3,0.5,0,0,0,3.5,3,,,,,,,,,0,0,0
Class_Priest,牧师,法师,,1,Intelligence,NormalAttackPrimaryMult_15|AttackSpeedBase_0.5|AttackSpeedAgiDiv_60|SkillCdIntDiv_30|SkillCdFloor_0.1,1.2,0.5,3,17,2,3.5,0.5,,,,,,,,,0,0,0
Class_Berserker,狂战士,战士,,1,Strength,NormalAttackPrimaryMult_15|AttackSpeedBase_0.5|AttackSpeedAgiDiv_60|SkillCdIntDiv_30|SkillCdFloor_0.1,0.3,0.5,0,0,0,3.5,2,,,,,,,,,0,0,0
Class_Ranger,游侠,射手,,1,Agility,NormalAttackPrimaryMult_15|AttackSpeedBase_0.5|AttackSpeedAgiDiv_60|SkillCdIntDiv_30|SkillCdFloor_0.1,1.1,0.5,3,19,1,3.5,1,,,,,,,,,0,0,0
Class_Warlock,术士,法师,,1,Intelligence,NormalAttackPrimaryMult_15|AttackSpeedBase_0.5|AttackSpeedAgiDiv_60|SkillCdIntDiv_30|SkillCdFloor_0.1,0.9,0.5,3,20,1,3.5,1,,,,,,,,,0,0,0
Class_Paladin,圣骑士,战士,,1,Strength,NormalAttackPrimaryMult_15|AttackSpeedBase_0.5|AttackSpeedAgiDiv_60|SkillCdIntDiv_30|SkillCdFloor_0.1,0.5,0.5,0,0,0,3.5,1.5,,,,,,,,,0,0,0
Class_Servants,仆从,战士,,1,Strength,NormalAttackPrimaryMult_15|AttackSpeedBase_0.5|AttackSpeedAgiDiv_60|SkillCdIntDiv_30|SkillCdFloor_0.1,0.3,0.5,0,0,0,3.5,2.5,,,,,,,,,0,0,0
